{
    "canvas_config": {
        "width": 1080,
        "height": 1920,
        "ratio": "original"
    },
    "color_space": -1,
    "config": {
        "adjust_max_index": 1,
        "attachment_info": [],
        "combination_max_index": 1,
        "export_range": null,
        "extract_audio_last_index": 1,
        "lyrics_recognition_id": "",
        "lyrics_sync": true,
        "lyrics_taskinfo": [],
        "maintrack_adsorb": true,
        "material_save_mode": 0,
        "multi_language_current": "none",
        "multi_language_list": [],
        "multi_language_main": "none",
        "multi_language_mode": "none",
        "original_sound_last_index": 1,
        "record_audio_last_index": 1,
        "sticker_max_index": 1,
        "subtitle_keywords_config": null,
        "subtitle_recognition_id": "",
        "subtitle_sync": true,
        "subtitle_taskinfo": [],
        "system_font_list": [],
        "video_mute": false,
        "zoom_info_params": null
    },
    "cover": null,
    "create_time": 1752818483,
    "duration": 0,
    "extra_info": null,
    "fps": 30.0,
    "free_render_index_mode_on": false,
    "group_container": null,
    "id": "7DF2C5FF-4E0A-4BF6-8262-303D7C499150",
    "keyframe_graph_list": [],
    "keyframes": {
        "adjusts": [],
        "audios": [],
        "effects": [],
        "filters": [],
        "handwrites": [],
        "stickers": [],
        "texts": [],
        "videos": []
    },
    "last_modified_platform": {
        "app_id": 3704,
        "app_source": "lv",
        "app_version": "5.9.0",
        "device_id": "b66fb429d0a64a99a86693c148a2c7a4",
        "hard_disk_id": "f3304253c0d148de8e56290dd3bae9cc",
        "mac_address": "e7bbb8a3082b4f25914d38d555879d52",
        "os": "windows",
        "os_version": "10.0.19045"
    },
    "materials": {
        "ai_translates": [],
        "audio_balances": [],
        "audio_effects": [],
        "audio_fades": [],
        "audio_track_indexes": [],
        "audios": [],
        "beats": [],
        "canvases": [],
        "chromas": [],
        "color_curves": [],
        "color_gradings": [],
        "color_wheels": [],
        "effects": [],
        "filters": [],
        "handwrites": [],
        "image_sequences": [],
        "images": [],
        "luts": [],
        "masks": [],
        "motions": [],
        "shapes": [],
        "stickers": [],
        "texts": [],
        "transitions": [],
        "videos": [],
        "vocal_separations": []
    },
    "mutable_config": null,
    "name": "",
    "new_version": "110.0.0",
    "platform": {
        "app_id": 3704,
        "app_source": "lv",
        "app_version": "5.9.0",
        "device_id": "9fdeea693f3043ddae4b5cb592c6380c",
        "hard_disk_id": "86d1f76e5ac04f2998a285c71c397de0",
        "mac_address": "954b680e75bc4e708306d3af36f8432b",
        "os": "windows",
        "os_version": "10.0.19045"
    },
    "relationships": [],
    "render_index_track_mode_on": true,
    "static_cover_image_path": "",
    "time_marks": null,
    "tracks": [],
    "update_time": 1752818483,
    "version": 360000
}