{
    "canvas_config": {
        "width": 1080,
        "height": 1920,
        "ratio": "original"
    },
    "color_space": -1,
    "config": {
        "adjust_max_index": 1,
        "attachment_info": [],
        "combination_max_index": 1,
        "export_range": null,
        "extract_audio_last_index": 1,
        "lyrics_recognition_id": "",
        "lyrics_sync": true,
        "lyrics_taskinfo": [],
        "maintrack_adsorb": true,
        "material_save_mode": 0,
        "multi_language_current": "none",
        "multi_language_list": [],
        "multi_language_main": "none",
        "multi_language_mode": "none",
        "original_sound_last_index": 1,
        "record_audio_last_index": 1,
        "sticker_max_index": 1,
        "subtitle_keywords_config": null,
        "subtitle_recognition_id": "",
        "subtitle_sync": true,
        "subtitle_taskinfo": [],
        "system_font_list": [],
        "video_mute": false,
        "zoom_info_params": null
    },
    "cover": null,
    "create_time": 0,
    "duration": 0,
    "extra_info": null,
    "fps": 30.0,
    "free_render_index_mode_on": false,
    "group_container": null,
    "id": "91E08AC5-22FB-47e2-9AA0-7DC300FAEA2B",
    "keyframe_graph_list": [],
    "keyframes": {
        "adjusts": [],
        "audios": [],
        "effects": [],
        "filters": [],
        "handwrites": [],
        "stickers": [],
        "texts": [],
        "videos": []
    },
    "last_modified_platform": {
        "app_id": 3704,
        "app_source": "lv",
        "app_version": "5.9.0",
        "device_id": "9c1d156ba20d5d2ef89a71f1a92596fd",
        "hard_disk_id": "81f3587033961b2ad1d1ef9d11dcce33",
        "mac_address": "5409d920e86b1169992326ea688e0715",
        "os": "mac",
        "os_version": "15.3.2"
    },
    "materials": {
        "ai_translates": [],
        "audio_balances": [],
        "audio_effects": [],
        "audio_fades": [],
        "audio_track_indexes": [],
        "audios": [],
        "beats": [],
        "canvases": [],
        "chromas": [],
        "color_curves": [],
        "digital_humans": [],
        "drafts": [],
        "effects": [],
        "flowers": [],
        "green_screens": [],
        "handwrites": [],
        "hsl": [],
        "images": [],
        "log_color_wheels": [],
        "loudnesses": [],
        "manual_deformations": [],
        "material_animations": [],
        "material_colors": [],
        "multi_language_refs": [],
        "placeholders": [],
        "plugin_effects": [],
        "primary_color_wheels": [],
        "realtime_denoises": [],
        "shapes": [],
        "smart_crops": [],
        "smart_relights": [],
        "sound_channel_mappings": [],
        "speeds": [],
        "stickers": [],
        "tail_leaders": [],
        "text_templates": [],
        "texts": [],
        "time_marks": [],
        "transitions": [],
        "video_effects": [],
        "video_trackings": [],
        "videos": [],
        "vocal_beautifys": [],
        "vocal_separations": [],
        "masks": []
    },
    "mutable_config": null,
    "name": "",
    "new_version": "110.0.0",
    "relationships": [],
    "render_index_track_mode_on": true,
    "retouch_cover": null,
    "source": "default",
    "static_cover_image_path": "",
    "time_marks": null,
    "tracks": [],
    "update_time": 0,
    "version": 360000,
    "platform": {
        "app_id": 3704,
        "app_source": "lv",
        "app_version": "5.9.0",
        "device_id": "9c1d156ba20d5d2ef89a71f1a92596fd",
        "hard_disk_id": "81f3587033961b2ad1d1ef9d11dcce33",
        "mac_address": "5409d920e86b1169992326ea688e0715",
        "os": "mac",
        "os_version": "15.3.2"
    }
}