{
    "canvas_config": {
        "width": 1080,
        "height": 1920,
        "ratio": "original"
    },
    "color_space": -1,
    "config": {
        "adjust_max_index": 1,
        "attachment_info": [],
        "combination_max_index": 1,
        "export_range": null,
        "extract_audio_last_index": 1,
        "lyrics_recognition_id": "",
        "lyrics_sync": true,
        "lyrics_taskinfo": [],
        "maintrack_adsorb": true,
        "material_save_mode": 0,
        "multi_language_current": "none",
        "multi_language_list": [],
        "multi_language_main": "none",
        "multi_language_mode": "none",
        "original_sound_last_index": 1,
        "record_audio_last_index": 1,
        "sticker_max_index": 1,
        "subtitle_keywords_config": null,
        "subtitle_recognition_id": "",
        "subtitle_sync": true,
        "subtitle_taskinfo": [],
        "system_font_list": [],
        "video_mute": false,
        "zoom_info_params": null
    },
    "cover": null,
    "create_time": 0,
    "duration": 5000000,
    "extra_info": null,
    "fps": 30.0,
    "free_render_index_mode_on": false,
    "group_container": null,
    "id": "91E08AC5-22FB-47e2-9AA0-7DC300FAEA2B",
    "keyframe_graph_list": [],
    "keyframes": {
        "adjusts": [],
        "audios": [],
        "effects": [],
        "filters": [],
        "handwrites": [],
        "stickers": [],
        "texts": [],
        "videos": []
    },
    "last_modified_platform": {
        "app_id": 3704,
        "app_source": "lv",
        "app_version": "5.9.0",
        "device_id": "56701ecd8dbd46c09e5104c32fa3f550",
        "hard_disk_id": "e62b88dad8b14de391f4ce6d9ec3705e",
        "mac_address": "98ee90f8b44644a4b624d69834441f73",
        "os": "windows",
        "os_version": "10.0.19045"
    },
    "materials": {
        "ai_translates": [],
        "audio_balances": [],
        "audio_effects": [],
        "audio_fades": [],
        "audio_track_indexes": [],
        "audios": [
            {
                "app_id": 0,
                "category_id": "",
                "category_name": "local",
                "check_flag": 1,
                "copyright_limit_type": "none",
                "duration": 2325333,
                "effect_id": "",
                "formula_id": "",
                "id": "1be9555d8ac23b32ab271d356849b1f7",
                "intensifies_path": "",
                "is_ai_clone_tone": false,
                "is_text_edit_overdub": false,
                "is_ugc": false,
                "local_material_id": "1be9555d8ac23b32ab271d356849b1f7",
                "music_id": "1be9555d8ac23b32ab271d356849b1f7",
                "name": "audio_9869932344c1c9d3.mp3",
                "path": "",
                "remote_url": "https://www.soundjay.com/misc/sounds/bell-ringing-05.wav",
                "query": "",
                "request_id": "",
                "resource_id": "",
                "search_id": "",
                "source_from": "",
                "source_platform": 0,
                "team_id": "",
                "text_id": "",
                "tone_category_id": "",
                "tone_category_name": "",
                "tone_effect_id": "",
                "tone_effect_name": "",
                "tone_platform": "",
                "tone_second_category_id": "",
                "tone_second_category_name": "",
                "tone_speaker": "",
                "tone_type": "",
                "type": "extract_music",
                "video_id": "",
                "wave_points": []
            }
        ],
        "beats": [],
        "canvases": [],
        "chromas": [],
        "color_curves": [],
        "digital_humans": [],
        "drafts": [],
        "effects": [],
        "flowers": [],
        "green_screens": [],
        "handwrites": [],
        "hsl": [],
        "images": [],
        "log_color_wheels": [],
        "loudnesses": [],
        "manual_deformations": [],
        "material_animations": [],
        "material_colors": [],
        "multi_language_refs": [],
        "placeholders": [],
        "plugin_effects": [],
        "primary_color_wheels": [],
        "realtime_denoises": [],
        "shapes": [],
        "smart_crops": [],
        "smart_relights": [],
        "sound_channel_mappings": [],
        "speeds": [
            {
                "curve_speed": null,
                "id": "8db432fa40aa4ce7ba528bae164a5b79",
                "mode": 0,
                "speed": null,
                "type": "speed"
            },
            {
                "curve_speed": null,
                "id": "d98432d4a11a47b6a066eb6d8c398acf",
                "mode": 0,
                "speed": 1.0,
                "type": "speed"
            }
        ],
        "stickers": [],
        "tail_leaders": [],
        "text_templates": [],
        "texts": [
            {
                "id": "443f27effee44bb58da515a285f34bfd",
                "content": "{\"styles\": [{\"fill\": {\"alpha\": 1.0, \"content\": {\"render_type\": \"solid\", \"solid\": {\"alpha\": 1.0, \"color\": [1.0, 0.0, 0.0]}}}, \"range\": [0, 17], \"size\": 40, \"bold\": false, \"italic\": false, \"underline\": false, \"strokes\": [], \"font\": {\"id\": \"7265595305163231781\", \"path\": \"C:/HarmonyOS_Sans_SC_Regular.ttf\"}}], \"text\": \"欢迎使用改进的CapCutAPI！\"}",
                "typesetting": 0,
                "alignment": 1,
                "letter_spacing": 0.0,
                "line_spacing": 0.02,
                "line_feed": 1,
                "line_max_width": 0.82,
                "force_apply_line_max_width": false,
                "check_flag": 7,
                "type": "text",
                "fixed_width": -1,
                "fixed_height": -1
            }
        ],
        "time_marks": [],
        "transitions": [],
        "video_effects": [],
        "video_trackings": [],
        "videos": [
            {
                "audio_fade": null,
                "category_id": "",
                "category_name": "local",
                "check_flag": 63487,
                "crop": {
                    "upper_left_x": 0.0,
                    "upper_left_y": 0.0,
                    "upper_right_x": 1.0,
                    "upper_right_y": 0.0,
                    "lower_left_x": 0.0,
                    "lower_left_y": 1.0,
                    "lower_right_x": 1.0,
                    "lower_right_y": 1.0
                },
                "crop_ratio": "free",
                "crop_scale": 1.0,
                "duration": 10800000000,
                "height": 600,
                "id": "023ab03ac2173a0c9a22e2738f6d96da",
                "local_material_id": "",
                "material_id": "023ab03ac2173a0c9a22e2738f6d96da",
                "material_name": "image_81fa0547ac2dcba5.png",
                "media_path": "",
                "path": "/tmp/capcut_drafts/dfd_cat_1753755356_177b43df/assets/image/image_81fa0547ac2dcba5.png",
                "remote_url": "https://picsum.photos/800/600",
                "type": "photo",
                "width": 800
            }
        ],
        "vocal_beautifys": [],
        "vocal_separations": [],
        "masks": []
    },
    "mutable_config": null,
    "name": "",
    "new_version": "110.0.0",
    "relationships": [],
    "render_index_track_mode_on": true,
    "retouch_cover": null,
    "source": "default",
    "static_cover_image_path": "",
    "time_marks": null,
    "tracks": [
        {
            "attribute": 0,
            "flag": 0,
            "id": "1954151b968042ef90d9cde4e8be4a5c",
            "is_default_name": false,
            "name": "video",
            "segments": [],
            "type": "video"
        },
        {
            "attribute": 0,
            "flag": 0,
            "id": "9c4e4fdafb6d4ba6986a482b09e86817",
            "is_default_name": false,
            "name": "test_image",
            "segments": [
                {
                    "enable_adjust": true,
                    "enable_color_correct_adjust": false,
                    "enable_color_curves": true,
                    "enable_color_match_adjust": false,
                    "enable_color_wheels": true,
                    "enable_lut": true,
                    "enable_smart_color_adjust": false,
                    "last_nonzero_volume": 1.0,
                    "reverse": false,
                    "track_attribute": 0,
                    "track_render_index": 0,
                    "visible": true,
                    "id": "2f4663d719db42b085916533e4099c69",
                    "material_id": "023ab03ac2173a0c9a22e2738f6d96da",
                    "target_timerange": {
                        "start": 0,
                        "duration": 3000000
                    },
                    "common_keyframes": [],
                    "keyframe_refs": [],
                    "source_timerange": {
                        "start": 0,
                        "duration": 3000000
                    },
                    "speed": null,
                    "volume": 1.0,
                    "extra_material_refs": [
                        "8db432fa40aa4ce7ba528bae164a5b79"
                    ],
                    "clip": {
                        "alpha": 1.0,
                        "flip": {
                            "horizontal": false,
                            "vertical": false
                        },
                        "rotation": 0.0,
                        "scale": {
                            "x": 1,
                            "y": 1
                        },
                        "transform": {
                            "x": 0,
                            "y": 0
                        }
                    },
                    "uniform_scale": {
                        "on": true,
                        "value": 1.0
                    },
                    "hdr_settings": {
                        "intensity": 1.0,
                        "mode": 1,
                        "nits": 1000
                    },
                    "render_index": 0
                }
            ],
            "type": "video"
        },
        {
            "attribute": 0,
            "flag": 0,
            "id": "f9a9392afb66473c8d238f7e182a47db",
            "is_default_name": false,
            "name": "test_audio",
            "segments": [
                {
                    "enable_adjust": true,
                    "enable_color_correct_adjust": false,
                    "enable_color_curves": true,
                    "enable_color_match_adjust": false,
                    "enable_color_wheels": true,
                    "enable_lut": true,
                    "enable_smart_color_adjust": false,
                    "last_nonzero_volume": 1.0,
                    "reverse": false,
                    "track_attribute": 0,
                    "track_render_index": 0,
                    "visible": true,
                    "id": "4330f85eae624e24bbe46e36a0a11216",
                    "material_id": "1be9555d8ac23b32ab271d356849b1f7",
                    "target_timerange": {
                        "start": 0,
                        "duration": 2325333
                    },
                    "common_keyframes": [],
                    "keyframe_refs": [],
                    "source_timerange": {
                        "start": 0,
                        "duration": 2325333
                    },
                    "speed": 1.0,
                    "volume": 1.0,
                    "extra_material_refs": [
                        "d98432d4a11a47b6a066eb6d8c398acf"
                    ],
                    "clip": null,
                    "hdr_settings": null,
                    "render_index": 0
                }
            ],
            "type": "audio"
        },
        {
            "attribute": 0,
            "flag": 0,
            "id": "b9d5e43bd3964ff7843a21f0c888ebdd",
            "is_default_name": false,
            "name": "test_text",
            "segments": [
                {
                    "enable_adjust": true,
                    "enable_color_correct_adjust": false,
                    "enable_color_curves": true,
                    "enable_color_match_adjust": false,
                    "enable_color_wheels": true,
                    "enable_lut": true,
                    "enable_smart_color_adjust": false,
                    "last_nonzero_volume": 1.0,
                    "reverse": false,
                    "track_attribute": 0,
                    "track_render_index": 0,
                    "visible": true,
                    "id": "eb0bf655795146cc8da55b0a15259770",
                    "material_id": "443f27effee44bb58da515a285f34bfd",
                    "target_timerange": {
                        "start": 0,
                        "duration": 5000000
                    },
                    "common_keyframes": [],
                    "keyframe_refs": [],
                    "source_timerange": null,
                    "speed": 1.0,
                    "volume": 1.0,
                    "extra_material_refs": [
                        "c4a1189f552249ec964adcaff352d937"
                    ],
                    "clip": {
                        "alpha": 1.0,
                        "flip": {
                            "horizontal": false,
                            "vertical": false
                        },
                        "rotation": 0.0,
                        "scale": {
                            "x": 1.0,
                            "y": 1.0
                        },
                        "transform": {
                            "x": 0,
                            "y": 0
                        }
                    },
                    "uniform_scale": {
                        "on": true,
                        "value": 1.0
                    },
                    "render_index": 15000
                }
            ],
            "type": "text"
        }
    ],
    "update_time": 0,
    "version": 360000,
    "platform": {
        "app_id": 3704,
        "app_source": "lv",
        "app_version": "5.9.0",
        "device_id": "55e681ffbc7e4a4b8446d411a4f54596",
        "hard_disk_id": "e65cbb015e1b4d7dad83518c814f3483",
        "mac_address": "1318340fef06452b818a14e98c629ec2",
        "os": "windows",
        "os_version": "10.0.19045"
    }
}