{
    "canvas_config": {
        "width": 1080,
        "height": 1920,
        "ratio": "original"
    },
    "color_space": -1,
    "config": {
        "adjust_max_index": 1,
        "attachment_info": [],
        "combination_max_index": 1,
        "export_range": null,
        "extract_audio_last_index": 1,
        "lyrics_recognition_id": "",
        "lyrics_sync": true,
        "lyrics_taskinfo": [],
        "maintrack_adsorb": true,
        "material_save_mode": 0,
        "multi_language_current": "none",
        "multi_language_list": [],
        "multi_language_main": "none",
        "multi_language_mode": "none",
        "original_sound_last_index": 1,
        "record_audio_last_index": 1,
        "sticker_max_index": 1,
        "subtitle_keywords_config": null,
        "subtitle_recognition_id": "",
        "subtitle_sync": true,
        "subtitle_taskinfo": [],
        "system_font_list": [],
        "video_mute": false,
        "zoom_info_params": null
    },
    "cover": null,
    "create_time": 1752819513,
    "duration": 0,
    "extra_info": null,
    "fps": 30.0,
    "free_render_index_mode_on": false,
    "group_container": null,
    "id": "824B2EE8-9040-4CFA-8532-76A12AE91B1B",
    "keyframe_graph_list": [],
    "keyframes": {
        "adjusts": [],
        "audios": [],
        "effects": [],
        "filters": [],
        "handwrites": [],
        "stickers": [],
        "texts": [],
        "videos": []
    },
    "last_modified_platform": {
        "app_id": 3704,
        "app_source": "lv",
        "app_version": "5.9.0",
        "device_id": "5f8f31b83fda4cdaaaff79319034a464",
        "hard_disk_id": "4ede1fc28f5b4494a1a1b02a6301b360",
        "mac_address": "84444e9fe9b14fd58db5d43972e64645",
        "os": "windows",
        "os_version": "10.0.19045"
    },
    "materials": {
        "ai_translates": [],
        "audio_balances": [],
        "audio_effects": [],
        "audio_fades": [],
        "audio_track_indexes": [],
        "audios": [],
        "beats": [],
        "canvases": [],
        "chromas": [],
        "color_curves": [],
        "color_gradings": [],
        "color_wheels": [],
        "effects": [],
        "filters": [],
        "handwrites": [],
        "image_sequences": [],
        "images": [],
        "luts": [],
        "masks": [],
        "motions": [],
        "shapes": [],
        "stickers": [],
        "texts": [],
        "transitions": [],
        "videos": [],
        "vocal_separations": []
    },
    "mutable_config": null,
    "name": "",
    "new_version": "110.0.0",
    "platform": {
        "app_id": 3704,
        "app_source": "lv",
        "app_version": "5.9.0",
        "device_id": "034c255800ea4442a1c986a29607cddd",
        "hard_disk_id": "08aaf2fec84141138c9d68b3b02effa6",
        "mac_address": "3e0380b6ada045d491a832a00e7f627d",
        "os": "windows",
        "os_version": "10.0.19045"
    },
    "relationships": [],
    "render_index_track_mode_on": true,
    "static_cover_image_path": "",
    "time_marks": null,
    "tracks": [],
    "update_time": 1752819513,
    "version": 360000
}