{
    "canvas_config": {
        "width": 1080,
        "height": 1920,
        "ratio": "original"
    },
    "color_space": -1,
    "config": {
        "adjust_max_index": 1,
        "attachment_info": [],
        "combination_max_index": 1,
        "export_range": null,
        "extract_audio_last_index": 1,
        "lyrics_recognition_id": "",
        "lyrics_sync": true,
        "lyrics_taskinfo": [],
        "maintrack_adsorb": true,
        "material_save_mode": 0,
        "multi_language_current": "none",
        "multi_language_list": [],
        "multi_language_main": "none",
        "multi_language_mode": "none",
        "original_sound_last_index": 1,
        "record_audio_last_index": 1,
        "sticker_max_index": 1,
        "subtitle_keywords_config": null,
        "subtitle_recognition_id": "",
        "subtitle_sync": true,
        "subtitle_taskinfo": [],
        "system_font_list": [],
        "video_mute": false,
        "zoom_info_params": null
    },
    "cover": null,
    "create_time": 1752817318,
    "duration": 0,
    "extra_info": null,
    "fps": 30.0,
    "free_render_index_mode_on": false,
    "group_container": null,
    "id": "CB5809CA-6A8B-43DA-8C95-DB45DA8EF701",
    "keyframe_graph_list": [],
    "keyframes": {
        "adjusts": [],
        "audios": [],
        "effects": [],
        "filters": [],
        "handwrites": [],
        "stickers": [],
        "texts": [],
        "videos": []
    },
    "last_modified_platform": {
        "app_id": 3704,
        "app_source": "lv",
        "app_version": "5.9.0",
        "device_id": "be98e6f0c225477381ce1c774d91b370",
        "hard_disk_id": "58f9173dc8ac4033886263636d0683a7",
        "mac_address": "764309c60eeb4e3785dc81b18d65b886",
        "os": "windows",
        "os_version": "10.0.19045"
    },
    "materials": {
        "ai_translates": [],
        "audio_balances": [],
        "audio_effects": [],
        "audio_fades": [],
        "audio_track_indexes": [],
        "audios": [],
        "beats": [],
        "canvases": [],
        "chromas": [],
        "color_curves": [],
        "color_gradings": [],
        "color_wheels": [],
        "effects": [],
        "filters": [],
        "handwrites": [],
        "image_sequences": [],
        "images": [],
        "luts": [],
        "masks": [],
        "motions": [],
        "shapes": [],
        "stickers": [],
        "texts": [],
        "transitions": [],
        "videos": [],
        "vocal_separations": []
    },
    "mutable_config": null,
    "name": "",
    "new_version": "110.0.0",
    "platform": {
        "app_id": 3704,
        "app_source": "lv",
        "app_version": "5.9.0",
        "device_id": "e9cb95719b0a474fb506ffa42266baf0",
        "hard_disk_id": "8330348893064ddf86d902d74970f660",
        "mac_address": "69cd90cd1b724de5a1184d204ed22010",
        "os": "windows",
        "os_version": "10.0.19045"
    },
    "relationships": [],
    "render_index_track_mode_on": true,
    "static_cover_image_path": "",
    "time_marks": null,
    "tracks": [],
    "update_time": 1752817318,
    "version": 360000
}