{
    "canvas_config": {
        "width": 1080,
        "height": 1920,
        "ratio": "original"
    },
    "color_space": -1,
    "config": {
        "adjust_max_index": 1,
        "attachment_info": [],
        "combination_max_index": 1,
        "export_range": null,
        "extract_audio_last_index": 1,
        "lyrics_recognition_id": "",
        "lyrics_sync": true,
        "lyrics_taskinfo": [],
        "maintrack_adsorb": true,
        "material_save_mode": 0,
        "multi_language_current": "none",
        "multi_language_list": [],
        "multi_language_main": "none",
        "multi_language_mode": "none",
        "original_sound_last_index": 1,
        "record_audio_last_index": 1,
        "sticker_max_index": 1,
        "subtitle_keywords_config": null,
        "subtitle_recognition_id": "",
        "subtitle_sync": true,
        "subtitle_taskinfo": [],
        "system_font_list": [],
        "video_mute": false,
        "zoom_info_params": null
    },
    "cover": null,
    "create_time": 0,
    "duration": 3000000,
    "extra_info": null,
    "fps": 30.0,
    "free_render_index_mode_on": false,
    "group_container": null,
    "id": "91E08AC5-22FB-47e2-9AA0-7DC300FAEA2B",
    "keyframe_graph_list": [],
    "keyframes": {
        "adjusts": [],
        "audios": [],
        "effects": [],
        "filters": [],
        "handwrites": [],
        "stickers": [],
        "texts": [],
        "videos": []
    },
    "last_modified_platform": {
        "app_id": 3704,
        "app_source": "lv",
        "app_version": "5.9.0",
        "device_id": "9c1d156ba20d5d2ef89a71f1a92596fd",
        "hard_disk_id": "81f3587033961b2ad1d1ef9d11dcce33",
        "mac_address": "5409d920e86b1169992326ea688e0715",
        "os": "mac",
        "os_version": "15.3.2"
    },
    "materials": {
        "ai_translates": [],
        "audio_balances": [],
        "audio_effects": [],
        "audio_fades": [],
        "audio_track_indexes": [],
        "audios": [],
        "beats": [],
        "canvases": [],
        "chromas": [],
        "color_curves": [],
        "digital_humans": [],
        "drafts": [],
        "effects": [],
        "flowers": [],
        "green_screens": [],
        "handwrites": [],
        "hsl": [],
        "images": [],
        "log_color_wheels": [],
        "loudnesses": [],
        "manual_deformations": [],
        "material_animations": [],
        "material_colors": [],
        "multi_language_refs": [],
        "placeholders": [],
        "plugin_effects": [],
        "primary_color_wheels": [],
        "realtime_denoises": [],
        "shapes": [],
        "smart_crops": [],
        "smart_relights": [],
        "sound_channel_mappings": [],
        "speeds": [],
        "stickers": [],
        "tail_leaders": [],
        "text_templates": [],
        "texts": [
            {
                "id": "da508617e0d646f2a3e7eef45f1769d9",
                "content": "{\"styles\": [{\"fill\": {\"alpha\": 1.0, \"content\": {\"render_type\": \"solid\", \"solid\": {\"alpha\": 1.0, \"color\": [1.0, 0.0, 0.0]}}}, \"range\": [0, 12], \"size\": 30.0, \"bold\": false, \"italic\": false, \"underline\": false, \"strokes\": [], \"font\": {\"id\": \"7265595305163231781\", \"path\": \"C:/HarmonyOS_Sans_SC_Regular.ttf\"}}], \"text\": \"Hello World!\"}",
                "typesetting": 0,
                "alignment": 1,
                "letter_spacing": 0.0,
                "line_spacing": 0.02,
                "line_feed": 1,
                "line_max_width": 0.82,
                "force_apply_line_max_width": false,
                "check_flag": 7,
                "type": "text",
                "fixed_width": -1,
                "fixed_height": -1
            }
        ],
        "time_marks": [],
        "transitions": [],
        "video_effects": [],
        "video_trackings": [],
        "videos": [],
        "vocal_beautifys": [],
        "vocal_separations": [],
        "masks": []
    },
    "mutable_config": null,
    "name": "",
    "new_version": "110.0.0",
    "relationships": [],
    "render_index_track_mode_on": true,
    "retouch_cover": null,
    "source": "default",
    "static_cover_image_path": "",
    "time_marks": null,
    "tracks": [
        {
            "attribute": 0,
            "flag": 0,
            "id": "534f16c3503e4201ae66cf4ee59bd155",
            "is_default_name": false,
            "name": "main",
            "segments": [
                {
                    "enable_adjust": true,
                    "enable_color_correct_adjust": false,
                    "enable_color_curves": true,
                    "enable_color_match_adjust": false,
                    "enable_color_wheels": true,
                    "enable_lut": true,
                    "enable_smart_color_adjust": false,
                    "last_nonzero_volume": 1.0,
                    "reverse": false,
                    "track_attribute": 0,
                    "track_render_index": 0,
                    "visible": true,
                    "id": "ce6f9c6ef3ef4a49b34de8b2ce33d9ec",
                    "material_id": "da508617e0d646f2a3e7eef45f1769d9",
                    "target_timerange": {
                        "start": 0,
                        "duration": 3000000
                    },
                    "common_keyframes": [],
                    "keyframe_refs": [],
                    "source_timerange": null,
                    "speed": 1.0,
                    "volume": 1.0,
                    "extra_material_refs": [
                        "9dc49cc2ed114e5dacb58df4f108b096"
                    ],
                    "clip": {
                        "alpha": 1.0,
                        "flip": {
                            "horizontal": false,
                            "vertical": false
                        },
                        "rotation": 0.0,
                        "scale": {
                            "x": 1.0,
                            "y": 1.0
                        },
                        "transform": {
                            "x": 0,
                            "y": -0.8
                        }
                    },
                    "uniform_scale": {
                        "on": true,
                        "value": 1.0
                    },
                    "render_index": 15000
                }
            ],
            "type": "text"
        }
    ],
    "update_time": 0,
    "version": 360000,
    "platform": {
        "app_id": 3704,
        "app_source": "lv",
        "app_version": "5.9.0",
        "device_id": "9c1d156ba20d5d2ef89a71f1a92596fd",
        "hard_disk_id": "81f3587033961b2ad1d1ef9d11dcce33",
        "mac_address": "5409d920e86b1169992326ea688e0715",
        "os": "mac",
        "os_version": "15.3.2"
    }
}