{"cloud_package_completed_time":"","draft_cloud_capcut_purchase_info":"","draft_cloud_last_action_download":false,"draft_cloud_materials":[],"draft_cloud_purchase_info":"","draft_cloud_template_id":"","draft_cloud_tutorial_info":"","draft_cloud_videocut_purchase_info":"","draft_cover":"draft_cover.jpg","draft_deeplink_url":"","draft_enterprise_info":{"draft_enterprise_extra":"","draft_enterprise_id":"","draft_enterprise_name":"","enterprise_material":[]},"draft_fold_path":"/Users/sunguannan/Movies/JianyingPro/User Data/Projects/com.lveditor.draft/5月16日","draft_id":"EC6E4680-CEF1-408B-8BA9-5E13124C61D2","draft_is_ai_packaging_used":false,"draft_is_ai_shorts":false,"draft_is_ai_translate":false,"draft_is_article_video_draft":false,"draft_is_from_deeplink":"false","draft_is_invisible":false,"draft_materials":[{"type":0,"value":[]},{"type":1,"value":[]},{"type":2,"value":[]},{"type":3,"value":[]},{"type":6,"value":[]},{"type":7,"value":[]},{"type":8,"value":[]}],"draft_materials_copied_info":[],"draft_name":"5月16日","draft_new_version":"","draft_removable_storage_device":"","draft_root_path":"/Users/sunguannan/Movies/JianyingPro/User Data/Projects/com.lveditor.draft","draft_segment_extra_info":[],"draft_timeline_materials_size_":7867,"draft_type":"","tm_draft_cloud_completed":"","tm_draft_cloud_modified":0,"tm_draft_create":1747367326219300,"tm_draft_modified":1747367328691892,"tm_draft_removed":0,"tm_duration":0}