{
    "canvas_config": {
        "width": 1080,
        "height": 1920,
        "ratio": "original"
    },
    "color_space": -1,
    "config": {
        "adjust_max_index": 1,
        "attachment_info": [],
        "combination_max_index": 1,
        "export_range": null,
        "extract_audio_last_index": 1,
        "lyrics_recognition_id": "",
        "lyrics_sync": true,
        "lyrics_taskinfo": [],
        "maintrack_adsorb": true,
        "material_save_mode": 0,
        "multi_language_current": "none",
        "multi_language_list": [],
        "multi_language_main": "none",
        "multi_language_mode": "none",
        "original_sound_last_index": 1,
        "record_audio_last_index": 1,
        "sticker_max_index": 1,
        "subtitle_keywords_config": null,
        "subtitle_recognition_id": "",
        "subtitle_sync": true,
        "subtitle_taskinfo": [],
        "system_font_list": [],
        "video_mute": false,
        "zoom_info_params": null
    },
    "cover": null,
    "create_time": 1752819993,
    "duration": 0,
    "extra_info": null,
    "fps": 30.0,
    "free_render_index_mode_on": false,
    "group_container": null,
    "id": "8A4832B2-E18B-4794-A545-AE3381AEDA4A",
    "keyframe_graph_list": [],
    "keyframes": {
        "adjusts": [],
        "audios": [],
        "effects": [],
        "filters": [],
        "handwrites": [],
        "stickers": [],
        "texts": [],
        "videos": []
    },
    "last_modified_platform": {
        "app_id": 3704,
        "app_source": "lv",
        "app_version": "5.9.0",
        "device_id": "cc0ed982d6a64f1f9d28d962f6727877",
        "hard_disk_id": "8d5a46fe761a434c8617badf27e3abde",
        "mac_address": "f73aa97e46284cb3bf2e2ae94145783c",
        "os": "windows",
        "os_version": "10.0.19045"
    },
    "materials": {
        "ai_translates": [],
        "audio_balances": [],
        "audio_effects": [],
        "audio_fades": [],
        "audio_track_indexes": [],
        "audios": [],
        "beats": [],
        "canvases": [],
        "chromas": [],
        "color_curves": [],
        "color_gradings": [],
        "color_wheels": [],
        "effects": [],
        "filters": [],
        "handwrites": [],
        "image_sequences": [],
        "images": [],
        "luts": [],
        "masks": [],
        "motions": [],
        "shapes": [],
        "stickers": [],
        "texts": [],
        "transitions": [],
        "videos": [],
        "vocal_separations": []
    },
    "mutable_config": null,
    "name": "",
    "new_version": "110.0.0",
    "platform": {
        "app_id": 3704,
        "app_source": "lv",
        "app_version": "5.9.0",
        "device_id": "f53a8e36a1b74e52a5cd7f2f431c95c2",
        "hard_disk_id": "3cb9627073804013b0c5010cb5a13043",
        "mac_address": "596e185a6e4846bd81c85765ed366308",
        "os": "windows",
        "os_version": "10.0.19045"
    },
    "relationships": [],
    "render_index_track_mode_on": true,
    "static_cover_image_path": "",
    "time_marks": null,
    "tracks": [],
    "update_time": 1752819993,
    "version": 360000
}