{
    "canvas_config": {
        "height": 1080,
        "ratio": "original",
        "width": 1920
    },
    "color_space": -1,
    "config": {
        "adjust_max_index": 1,
        "attachment_info": [],
        "combination_max_index": 1,
        "export_range": null,
        "extract_audio_last_index": 1,
        "lyrics_recognition_id": "",
        "lyrics_sync": true,
        "lyrics_taskinfo": [],
        "maintrack_adsorb": true,
        "material_save_mode": 0,
        "multi_language_current": "none",
        "multi_language_list": [],
        "multi_language_main": "none",
        "multi_language_mode": "none",
        "original_sound_last_index": 1,
        "record_audio_last_index": 1,
        "sticker_max_index": 1,
        "subtitle_keywords_config": null,
        "subtitle_recognition_id": "",
        "subtitle_sync": true,
        "subtitle_taskinfo": [],
        "system_font_list": [],
        "video_mute": false,
        "zoom_info_params": null
    },
    "cover": null,
    "create_time": 1752819993,
    "duration": 0,
    "extra_info": null,
    "fps": 30.0,
    "free_render_index_mode_on": false,
    "group_container": null,
    "id": "8A4832B2-E18B-4794-A545-AE3381AEDA4A",
    "keyframe_graph_list": [],
    "keyframes": {
        "adjusts": [],
        "audios": [],
        "effects": [],
        "filters": [],
        "handwrites": [],
        "stickers": [],
        "texts": [],
        "videos": []
    },
    "last_modified_platform": {
        "app_id": 3704,
        "app_source": "lv",
        "app_version": "5.9.0",
        "device_id": "e13b69cd34884e36800e04f3643e4430",
        "hard_disk_id": "0c0012680ef04bc599ce4af0c3081ef8",
        "mac_address": "35cd5c8ae13042c893e1336648dc834f",
        "os": "windows",
        "os_version": "10.0.19045"
    },
    "materials": {
        "ai_translates": [],
        "audio_balances": [],
        "audio_effects": [],
        "audio_fades": [],
        "audio_track_indexes": [],
        "audios": [],
        "beats": [],
        "canvases": [],
        "chromas": [],
        "color_curves": [],
        "digital_humans": [],
        "drafts": [],
        "effects": [],
        "flowers": [],
        "green_screens": [],
        "handwrites": [],
        "hsl": [],
        "images": [],
        "log_color_wheels": [],
        "loudnesses": [],
        "manual_deformations": [],
        "masks": [],
        "material_animations": [],
        "material_colors": [],
        "multi_language_refs": [],
        "placeholders": [],
        "plugin_effects": [],
        "primary_color_wheels": [],
        "realtime_denoises": [],
        "shapes": [],
        "smart_crops": [],
        "smart_relights": [],
        "sound_channel_mappings": [],
        "speeds": [],
        "stickers": [],
        "tail_leaders": [],
        "text_templates": [],
        "texts": [],
        "time_marks": [],
        "transitions": [],
        "video_effects": [],
        "video_trackings": [],
        "videos": [],
        "vocal_beautifys": [],
        "vocal_separations": []
    },
    "mutable_config": null,
    "name": "",
    "new_version": "110.0.0",
    "platform": {
        "app_id": 3704,
        "app_source": "lv",
        "app_version": "5.9.0",
        "device_id": "15169c8a574a4c87bca2e08cbe3d6c30",
        "hard_disk_id": "6d3df83ec1ea483dbf492f199dade700",
        "mac_address": "55881abfa9c646e8bc8c2577bb0cab82",
        "os": "windows",
        "os_version": "10.0.19045"
    },
    "relationships": [],
    "render_index_track_mode_on": true,
    "retouch_cover": null,
    "source": "default",
    "static_cover_image_path": "",
    "time_marks": null,
    "tracks": [],
    "update_time": 1752819993,
    "version": 360000
}