{
    "canvas_config": {
        "height": 1920,
        "ratio": "original",
        "width": 1080
    },
    "color_space": -1,
    "config": {
        "adjust_max_index": 1,
        "attachment_info": [],
        "combination_max_index": 1,
        "export_range": null,
        "extract_audio_last_index": 1,
        "lyrics_recognition_id": "",
        "lyrics_sync": true,
        "lyrics_taskinfo": [],
        "maintrack_adsorb": true,
        "material_save_mode": 0,
        "multi_language_current": "none",
        "multi_language_list": [],
        "multi_language_main": "none",
        "multi_language_mode": "none",
        "original_sound_last_index": 1,
        "record_audio_last_index": 1,
        "sticker_max_index": 1,
        "subtitle_keywords_config": null,
        "subtitle_recognition_id": "",
        "subtitle_sync": true,
        "subtitle_taskinfo": [],
        "system_font_list": [],
        "video_mute": false,
        "zoom_info_params": null
    },
    "cover": null,
    "create_time": 1752820473,
    "duration": 5.0,
    "extra_info": null,
    "fps": 30.0,
    "free_render_index_mode_on": false,
    "group_container": null,
    "id": "DF6C154F-B5FE-4A94-8F91-E5E18BCA8535",
    "keyframe_graph_list": [],
    "keyframes": {
        "adjusts": [],
        "audios": [],
        "effects": [],
        "filters": [],
        "handwrites": [],
        "stickers": [],
        "texts": [],
        "videos": []
    },
    "last_modified_platform": {
        "app_id": 3704,
        "app_source": "lv",
        "app_version": "5.9.0",
        "device_id": "63697b5209804da0ac646ff75636d506",
        "hard_disk_id": "7ca0901783264b6fae89f626d95b2b91",
        "mac_address": "3d22d3ca64e94de5b22cc469c0e3c46b",
        "os": "windows",
        "os_version": "10.0.19045"
    },
    "materials": {
        "ai_translates": [],
        "audio_balances": [],
        "audio_effects": [],
        "audio_fades": [],
        "audio_track_indexes": [],
        "audios": [],
        "beats": [],
        "canvases": [],
        "chromas": [],
        "color_curves": [],
        "color_gradings": [],
        "color_wheels": [],
        "digital_humans": [],
        "drafts": [],
        "effects": [],
        "flowers": [],
        "green_screens": [],
        "handwrites": [],
        "hsl": [],
        "images": [],
        "log_color_wheels": [],
        "loudnesses": [],
        "manual_deformations": [],
        "masks": [],
        "material_animations": [],
        "material_colors": [],
        "multi_language_refs": [],
        "placeholders": [],
        "plugin_effects": [],
        "primary_color_wheels": [],
        "realtime_denoises": [],
        "shapes": [],
        "smart_crops": [],
        "smart_relights": [],
        "sound_channel_mappings": [],
        "speeds": [],
        "stickers": [],
        "tail_leaders": [],
        "text_templates": [],
        "texts": [
            {
                "id": "TEXT_001",
                "name": "示例文本",
                "source": "default",
                "type": "text",
                "content": "欢迎使用剪映！",
                "font": "默认字体",
                "font_size": 48,
                "color": "#FFFFFF",
                "background_color": "#000000",
                "opacity": 1.0,
                "position_x": 540,
                "position_y": 960,
                "width": 400,
                "height": 100,
                "rotation": 0,
                "scale_x": 1.0,
                "scale_y": 1.0,
                "start_time": 0,
                "end_time": 5.0,
                "duration": 5.0,
                "track_index": 0,
                "relative_index": 0
            }
        ],
        "time_marks": [],
        "transitions": [],
        "video_effects": [],
        "video_trackings": [],
        "videos": [],
        "vocal_beautifys": [],
        "vocal_separations": []
    },
    "mutable_config": null,
    "name": "示例草稿",
    "new_version": "110.0.0",
    "platform": {
        "app_id": 3704,
        "app_source": "lv",
        "app_version": "5.9.0",
        "device_id": "d6f844a9f64f487485f7b34ea6a28b54",
        "hard_disk_id": "18b26937f36647e1adb0b1215357bd4c",
        "mac_address": "90925e98d506478ab2946a9afcfbbeaf",
        "os": "windows",
        "os_version": "10.0.19045"
    },
    "relationships": [],
    "render_index_track_mode_on": true,
    "retouch_cover": null,
    "source": "default",
    "static_cover_image_path": "",
    "time_marks": null,
    "tracks": [
        {
            "id": "767D189E-3C34-4D72-9A78-9052971B0310",
            "name": "文本轨道",
            "type": "text",
            "visible": true,
            "locked": false,
            "volume": 1.0,
            "speed": 1.0,
            "segments": [
                {
                    "id": "61A7D2F4-1D78-4C9D-AA98-78CF91AE49B6",
                    "material_id": "TEXT_001",
                    "start_time": 0,
                    "end_time": 5.0,
                    "duration": 5.0,
                    "track_index": 0,
                    "relative_index": 0
                }
            ]
        }
    ],
    "update_time": 1752820473,
    "version": 360000
}