{
    "canvas_config": {
        "width": 1080,
        "height": 1920,
        "ratio": "original"
    },
    "color_space": -1,
    "config": {
        "adjust_max_index": 1,
        "attachment_info": [],
        "combination_max_index": 1,
        "export_range": null,
        "extract_audio_last_index": 1,
        "lyrics_recognition_id": "",
        "lyrics_sync": true,
        "lyrics_taskinfo": [],
        "maintrack_adsorb": true,
        "material_save_mode": 0,
        "multi_language_current": "none",
        "multi_language_list": [],
        "multi_language_main": "none",
        "multi_language_mode": "none",
        "original_sound_last_index": 1,
        "record_audio_last_index": 1,
        "sticker_max_index": 1,
        "subtitle_keywords_config": null,
        "subtitle_recognition_id": "",
        "subtitle_sync": true,
        "subtitle_taskinfo": [],
        "system_font_list": [],
        "video_mute": false,
        "zoom_info_params": null
    },
    "cover": null,
    "create_time": 1752820473,
    "duration": 5.0,
    "extra_info": null,
    "fps": 30.0,
    "free_render_index_mode_on": false,
    "group_container": null,
    "id": "DF6C154F-B5FE-4A94-8F91-E5E18BCA8535",
    "keyframe_graph_list": [],
    "keyframes": {
        "adjusts": [],
        "audios": [],
        "effects": [],
        "filters": [],
        "handwrites": [],
        "stickers": [],
        "texts": [],
        "videos": []
    },
    "last_modified_platform": {
        "app_id": 3704,
        "app_source": "lv",
        "app_version": "5.9.0",
        "device_id": "b9a16b3efefc4160bd7be953059f6596",
        "hard_disk_id": "a438e7ffc5d5446987bb3c46c6aacfcf",
        "mac_address": "ac84dd96fc1a41009ced1630f0b11a98",
        "os": "windows",
        "os_version": "10.0.19045"
    },
    "materials": {
        "ai_translates": [],
        "audio_balances": [],
        "audio_effects": [],
        "audio_fades": [],
        "audio_track_indexes": [],
        "audios": [],
        "beats": [],
        "canvases": [],
        "chromas": [],
        "color_curves": [],
        "color_gradings": [],
        "color_wheels": [],
        "effects": [],
        "filters": [],
        "handwrites": [],
        "image_sequences": [],
        "images": [],
        "luts": [],
        "masks": [],
        "motions": [],
        "shapes": [],
        "stickers": [],
        "texts": [
            {
                "id": "8C2352A6-38B6-4A6D-93E0-4B721A86BFDC",
                "name": "示例文本",
                "source": "default",
                "type": "text",
                "content": "欢迎使用剪映！",
                "font": "默认字体",
                "font_size": 48,
                "color": "#FFFFFF",
                "background_color": "#000000",
                "opacity": 1.0,
                "position_x": 540,
                "position_y": 960,
                "width": 400,
                "height": 100,
                "rotation": 0,
                "scale_x": 1.0,
                "scale_y": 1.0,
                "start_time": 0,
                "end_time": 5.0,
                "duration": 5.0,
                "track_index": 0,
                "relative_index": 0
            }
        ],
        "transitions": [],
        "videos": [],
        "vocal_separations": []
    },
    "mutable_config": null,
    "name": "示例草稿",
    "new_version": "110.0.0",
    "platform": {
        "app_id": 3704,
        "app_source": "lv",
        "app_version": "5.9.0",
        "device_id": "61c337a3a144454e818c02ed386e0be2",
        "hard_disk_id": "41a9c5dd443744a8b057f07e2dcd5262",
        "mac_address": "cc7d24ce278c40cea42ee21e75cc9cbd",
        "os": "windows",
        "os_version": "10.0.19045"
    },
    "relationships": [],
    "render_index_track_mode_on": true,
    "static_cover_image_path": "",
    "time_marks": null,
    "tracks": [
        {
            "id": "C03B22E4-78D8-4EB7-8E43-642BD08E103B",
            "name": "文本轨道",
            "type": "text",
            "visible": true,
            "locked": false,
            "volume": 1.0,
            "speed": 1.0,
            "segments": [
                {
                    "id": "46E7F110-72B4-4363-9CEE-8D9C06B31036",
                    "material_id": "TEXT_001",
                    "start_time": 0,
                    "end_time": 5.0,
                    "duration": 5.0,
                    "track_index": 0,
                    "relative_index": 0
                }
            ]
        }
    ],
    "update_time": 1752820473,
    "version": 360000
}